<?xml version="1.0" encoding="UTF-8"?>
<policy xmlns="http://www.mulesoft.org/schema/mule/policy"
        id="{{policyId}}"
        order="600"
        policyName="headerInjection"
        online="true"
        xmlns:mule="http://www.mulesoft.org/schema/mule/core"
        xmlns:xsi="http://www.w3.org/2001/XMLSchema-instance"
        xmlns:scripting="http://www.mulesoft.org/schema/mule/scripting"
        xmlns:api-platform-gw="http://www.mulesoft.org/schema/mule/api-platform-gw"
        xsi:schemaLocation="http://www.mulesoft.org/schema/mule/policy http://www.mulesoft.org/schema/mule/policy/current/mule-policy.xsd
                            http://www.mulesoft.org/schema/mule/core http://www.mulesoft.org/schema/mule/core/current/mule.xsd
                            http://www.mulesoft.org/schema/mule/scripting http://www.mulesoft.org/schema/mule/scripting/current/mule-scripting.xsd
                            http://www.mulesoft.org/schema/mule/api-platform-gw http://www.mulesoft.org/schema/mule/api-platform-gw/current/mule-api-platform-gw.xsd">

    <before>
        {{#addedHeaderMap}}
        <mule:set-property propertyName="{{ key }}" value="{{ value }}"/>
        {{/addedHeaderMap}}
    </before>

    {{^pointcutData.length}}
      <pointcut>
        <api-platform-gw:api-pointcut apiName="{{apiName}}" apiVersion="{{apiVersionName}}"/>
      </pointcut>
    {{/pointcutData.length}}

    <pointcut>
        <api-platform-gw:api-pointcut apiName="{{ apiName }}" apiVersion="{{ apiVersionName }}"/>
    </pointcut>
    {{/pointcutData.length}}

</policy> 